{"cameraMode":{"drawMode":0,"name":"Shaded","section":"Shading Mode"},"sceneLighting":true,"audioPlay":false,"sceneViewState":{"m_AlwaysRefresh":false,"showFog":true,"showSkybox":true,"showFlares":true,"showImageEffects":true,"showParticleSystems":true,"showVisualEffectGraphs":true,"m_FxEnabled":true},"in2DMode":false,"pivot":{"x":0.15069393813610078,"y":-11.100796699523926,"z":10.119587898254395},"rotation":{"x":0.3432452082633972,"y":0.012438681907951832,"z":-0.004587620496749878,"w":0.9391548037528992},"size":31.738014221191408,"orthographic":false}