{"cameraMode":{"drawMode":0,"name":"Shaded","section":"Shading Mode"},"sceneLighting":true,"audioPlay":false,"sceneViewState":{"m_AlwaysRefresh":false,"showFog":true,"showSkybox":true,"showFlares":true,"showImageEffects":true,"showParticleSystems":true,"showVisualEffectGraphs":true,"m_FxEnabled":true},"in2DMode":false,"pivot":{"x":337.4422607421875,"y":962.3853149414063,"z":-1200.0526123046875},"rotation":{"x":0.041970495134592059,"y":0.40300095081329348,"z":-0.018545547500252725,"w":0.9140515923500061},"size":152.288330078125,"orthographic":false}